taxon_id,scientific_name,rank,common_name,iconic_taxon_name,observations_in_region,inat_observations_global,wikipedia_url,photo_url,photo_license_code,photo_attribution
796057,Arisaema griffithii,species,,Plantae,6,117,https://en.wikipedia.org/wiki/Arisaema_griffithii,https://inaturalist-open-data.s3.amazonaws.com/photos/19714039/medium.jpg,cc-by-nc,"(c) mekushka, some rights reserved (CC BY-NC), uploaded by mekushka"
31568,Laudakia tuberculata,species,Kashmir Rock Agama,Reptilia,6,778,http://en.wikipedia.org/wiki/Laudakia_tuberculata,https://inaturalist-open-data.s3.amazonaws.com/photos/38732303/medium.jpg,cc-by-nc-nd,"(c) Ryan Van Meter, some rights reserved (CC BY-NC-ND), uploaded by Ryan Van Meter"
626741,Pleione hookeriana,species,,Plantae,5,73,,https://inaturalist-open-data.s3.amazonaws.com/photos/245929313/medium.jpeg,cc-by-nc,"(c) Dr Namgyal T Sherpa, some rights reserved (CC BY-NC), uploaded by Dr Namgyal T Sherpa"
75602,Asclepias curassavica,species,tropical milkweed,Plantae,4,40349,http://en.wikipedia.org/wiki/Asclepias_curassavica,https://inaturalist-open-data.s3.amazonaws.com/photos/133647238/medium.jpeg,cc-by,"(c) Ricard Busquets Reverte, some rights reserved (CC BY), uploaded by Ricard Busquets Reverte"
51702,Coccinella septempunctata,species,Seven-spotted Lady Beetle,Insecta,4,291868,http://en.wikipedia.org/wiki/Coccinella_septempunctata,https://inaturalist-open-data.s3.amazonaws.com/photos/267168450/medium.jpg,cc-by-nc,"(c) Thomas Shahan, some rights reserved (CC BY-NC), uploaded by Thomas Shahan"
410881,Pieris formosa,species,Mountain Pieris,Plantae,4,319,https://en.wikipedia.org/wiki/Pieris_formosa,https://inaturalist-open-data.s3.amazonaws.com/photos/487481950/medium.jpeg,cc-by-nc,"(c) J Floer, some rights reserved (CC BY-NC), uploaded by J Floer"
133644,Alangium chinense,species,Chinese Alangium,Plantae,3,1328,http://en.wikipedia.org/wiki/Alangium_chinense,https://static.inaturalist.org/photos/223468192/medium.jpeg,,"(c) naturalistchu, all rights reserved, uploaded by naturalistchu"
117504,Arundina graminifolia,species,Bamboo Orchid,Plantae,3,10370,http://en.wikipedia.org/wiki/Arundina,https://static.inaturalist.org/photos/497373445/medium.jpg,,"(c) Jono Dashper, all rights reserved, uploaded by Jono Dashper"
884403,Berberis napaulensis,species,Nepal Mahonia,Plantae,3,357,https://en.wikipedia.org/wiki/Mahonia_napaulensis,https://static.inaturalist.org/photos/29909910/medium.jpeg,,"(c) Alex Perry, all rights reserved, uploaded by Alex Perry"
711946,Callicarpa macrophylla,species,,Plantae,3,51,http://en.wikipedia.org/wiki/Callicarpa_macrophylla,https://inaturalist-open-data.s3.amazonaws.com/photos/522373574/medium.jpg,cc-by,"(c) Sagnik Dutta Roy, some rights reserved (CC BY), uploaded by Sagnik Dutta Roy"
493634,Coelogyne cristata,species,,Plantae,3,253,http://en.wikipedia.org/wiki/Coelogyne_cristata,https://inaturalist-open-data.s3.amazonaws.com/photos/6211280/medium.jpg,cc-by-nc,"(c) Steven Kurniawidjaja, some rights reserved (CC BY-NC), uploaded by Steven Kurniawidjaja"
504426,Heliophorus moorei,species,Azure Sapphire,Insecta,3,1184,,https://inaturalist-open-data.s3.amazonaws.com/photos/4616664/medium.jpeg,cc-by-nc-nd,"(c) Chief RedEarth, some rights reserved (CC BY-NC-ND), uploaded by Chief RedEarth"
764909,Hellenia speciosa,species,Crêpe ginger,Plantae,3,10704,https://en.wikipedia.org/wiki/Cheilocostus_speciosus,https://inaturalist-open-data.s3.amazonaws.com/photos/215394630/medium.jpeg,cc-by-nc,"(c) vivianjen, some rights reserved (CC BY-NC)"
855565,Morella esculenta,species,,Plantae,3,169,,https://static.inaturalist.org/photos/118232609/medium.jpg,,"(c) Muddam Vijay Dixit Reddy, all rights reserved, uploaded by Muddam Vijay Dixit Reddy"
78217,Nicandra physalodes,species,apple-of-Peru,Plantae,3,7112,http://en.wikipedia.org/wiki/Nicandra,https://inaturalist-open-data.s3.amazonaws.com/photos/27864329/medium.jpeg,cc0,"no rights reserved, uploaded by 葉子"
522961,Paris polyphylla,species,multi-leaf paris,Plantae,3,3148,https://en.wikipedia.org/wiki/Paris_polyphylla,https://static.inaturalist.org/photos/59270765/medium.jpg,,"(c) HUANG QIN, all rights reserved, uploaded by HUANG QIN"
320523,Rhododendron arboreum,species,Tree Rhododendron,Plantae,3,2844,http://en.wikipedia.org/wiki/Rhododendron_arboreum,https://static.inaturalist.org/photos/118098740/medium.jpeg,,"(c) Nuwan Chathuranga, all rights reserved, uploaded by Nuwan Chathuranga"
548775,Rhododendron barbatum,species,,Plantae,3,77,,https://inaturalist-open-data.s3.amazonaws.com/photos/8093418/medium.jpeg,cc-by-nc-sa,"(c) Phuentsho, some rights reserved (CC BY-NC-SA), uploaded by Phuentsho"
984447,Spermadictyon suaveolens,species,,Plantae,3,76,,https://inaturalist-open-data.s3.amazonaws.com/photos/64111880/medium.jpeg,cc0,"no rights reserved, uploaded by S.MORE"
406533,Thunbergia coccinea,species,Scarlet clock vine,Plantae,3,446,https://en.wikipedia.org/wiki/Thunbergia_coccinea,https://static.inaturalist.org/photos/34555388/medium.jpg,,"(c) Radha Srinivasan, all rights reserved, uploaded by Radha Srinivasan"
157766,Abelmoschus manihot,species,Aibika,Plantae,2,740,http://en.wikipedia.org/wiki/Abelmoschus_manihot,https://inaturalist-open-data.s3.amazonaws.com/photos/510652403/medium.jpg,cc-by,"(c) chiragmunje, some rights reserved (CC BY), uploaded by chiragmunje"
430683,Arisaema tortuosum,species,whipcord cobra lily,Plantae,2,512,http://en.wikipedia.org/wiki/Arisaema_tortuosum,https://inaturalist-open-data.s3.amazonaws.com/photos/50594048/medium.jpeg,cc0,"no rights reserved, uploaded by S.MORE"
1417065,Azanza lampas,species,,Plantae,2,80,https://en.wikipedia.org/wiki/Azanza_lampas,https://inaturalist-open-data.s3.amazonaws.com/photos/96957238/medium.jpeg,cc-by-nc,"(c) Shiwalee Samant, some rights reserved (CC BY-NC), uploaded by Shiwalee Samant"
159585,Buddleja asiatica,species,Asiatic butterfly-bush,Plantae,2,2372,http://en.wikipedia.org/wiki/Buddleja_asiatica,https://inaturalist-open-data.s3.amazonaws.com/photos/702011/medium.JPG,cc-by-nc-sa,"(c) 106611639464075912591, some rights reserved (CC BY-NC-SA), uploaded by 106611639464075912591"
1425261,Butea buteiformis,species,,Plantae,2,34,,https://inaturalist-open-data.s3.amazonaws.com/photos/166181633/medium.jpeg,cc-by-nc,"(c) Jasmine Star Outdoor Photography, some rights reserved (CC BY-NC), uploaded by Jasmine Star Outdoor Photography"
641910,Calanthe plantaginea,species,,Plantae,2,38,https://en.wikipedia.org/wiki/Calanthe_plantaginea,https://inaturalist-open-data.s3.amazonaws.com/photos/107907895/medium.jpg,cc-by-nc,"(c) Philippe RABAUTE, some rights reserved (CC BY-NC), uploaded by Philippe RABAUTE"
31281,Calotes versicolor,species,Indian Garden Lizard,Reptilia,2,34143,http://en.wikipedia.org/wiki/Oriental_garden_lizard,https://inaturalist-open-data.s3.amazonaws.com/photos/164183277/medium.jpeg,cc-by,"(c) Devika M B, some rights reserved (CC BY), uploaded by Devika M B"
52055,Crocothemis servilia,species,Scarlet Skimmer,Insecta,2,30165,http://en.wikipedia.org/wiki/Scarlet_skimmer,https://inaturalist-open-data.s3.amazonaws.com/photos/162243824/medium.jpg,cc-by-nc,"(c) budak, some rights reserved (CC BY-NC), uploaded by budak"
874213,Gentiana capitata,species,,Plantae,2,35,,https://inaturalist-open-data.s3.amazonaws.com/photos/377162696/medium.jpg,cc0,"no rights reserved, uploaded by Jean-Paul Boerekamps"
48765,Heteropoda venatoria,species,Pantropical Huntsman Spider,Arachnida,2,27841,http://en.wikipedia.org/wiki/Heteropoda_venatoria,https://inaturalist-open-data.s3.amazonaws.com/photos/18282517/medium.jpg,cc-by,"(c) Cheng-Tao Lin, some rights reserved (CC BY), uploaded by Cheng-Tao Lin"
903041,Hydrangea febrifuga,species,Anti-febrile Dichroa (Chinese Quinine),Plantae,2,1351,https://en.wikipedia.org/wiki/Hydrangea_febrifuga,https://inaturalist-open-data.s3.amazonaws.com/photos/134247814/medium.jpg,cc-by-nc,"(c) isf2120038, some rights reserved (CC BY-NC)"
126869,Ipomoea quamoclit,species,Cypress Vine,Plantae,2,8693,http://en.wikipedia.org/wiki/Ipomoea_quamoclit,https://static.inaturalist.org/photos/7354317/medium.jpg,,"(c) Jay Keller, all rights reserved, uploaded by Jay Keller"
773907,Liparis elliptica,species,Elliptic Widelip Orchid,Plantae,2,618,,https://static.inaturalist.org/photos/317012754/medium.jpeg,,"(c) Nuwan Chathuranga, all rights reserved, uploaded by Nuwan Chathuranga"
1061156,Liparis resupinata,species,,Plantae,2,18,,https://inaturalist-open-data.s3.amazonaws.com/photos/64606725/medium.jpg,cc-by-nc,"(c) Phuentsho, some rights reserved (CC BY-NC), uploaded by Phuentsho"
410763,Luculia gratissima,species,,Plantae,2,211,http://en.wikipedia.org/wiki/Luculia_gratissima,https://inaturalist-open-data.s3.amazonaws.com/photos/241368861/medium.jpeg,cc-by,"(c) Eugene Popov, some rights reserved (CC BY), uploaded by Eugene Popov"
78174,Nasturtium officinale,species,watercress,Plantae,2,33386,http://en.wikipedia.org/wiki/Watercress,https://inaturalist-open-data.s3.amazonaws.com/photos/203236672/medium.jpeg,cc-by,"(c) Andrew Tree, some rights reserved (CC BY), uploaded by Andrew Tree"
130339,Neptis hylas,species,Common Sailer,Insecta,2,16860,http://en.wikipedia.org/wiki/Neptis_hylas,https://inaturalist-open-data.s3.amazonaws.com/photos/68981000/medium.jpg,cc-by-nc,"(c) Frank Model, some rights reserved (CC BY-NC), uploaded by Frank Model"
165894,Opuntia monacantha,species,Drooping Pricklypear,Plantae,2,5231,http://en.wikipedia.org/wiki/Opuntia_monacantha,https://inaturalist-open-data.s3.amazonaws.com/photos/164013221/medium.jpg,cc-by-nc,"(c) GMarques, some rights reserved (CC BY-NC), uploaded by GMarques"
107981,Orthetrum triangulare,species,Blue-tailed Forest Hawk,Insecta,2,7332,http://en.wikipedia.org/wiki/Orthetrum_triangulare,https://inaturalist-open-data.s3.amazonaws.com/photos/18444297/medium.jpeg,cc-by-nc,"(c) Laurence Leong Y K, some rights reserved (CC BY-NC), uploaded by Laurence Leong Y K"
41963,Panthera pardus,species,Leopard,Mammalia,2,13644,http://en.wikipedia.org/wiki/Leopard,https://inaturalist-open-data.s3.amazonaws.com/photos/8666580/medium.jpeg,cc-by-nc,"(c) janaohrner, some rights reserved (CC BY-NC), uploaded by janaohrner"
462178,Pleione humilis,species,,Plantae,2,101,,https://inaturalist-open-data.s3.amazonaws.com/photos/1861318/medium.jpg,cc-by-nc-sa,"(c) Steve Garvie, some rights reserved (CC BY-NC-SA)"
78790,Pyracantha crenulata,species,Himalayan firethorn,Plantae,2,2081,http://en.wikipedia.org/wiki/Pyracantha_crenulata,https://inaturalist-open-data.s3.amazonaws.com/photos/180145215/medium.jpeg,cc-by,"(c) Leon Xu, some rights reserved (CC BY)"
550909,Quercus lanata,species,Rianj Oak,Plantae,2,39,http://en.wikipedia.org/wiki/Quercus_lanata,https://inaturalist-open-data.s3.amazonaws.com/photos/199851231/medium.jpeg,cc-by-nc,"(c) Basu Dev Neupane, some rights reserved (CC BY-NC), uploaded by Basu Dev Neupane"
863362,Rohdea nepalensis,species,,Plantae,2,11,,https://inaturalist-open-data.s3.amazonaws.com/photos/30184924/medium.jpeg,cc-by-nc,"(c) timsinanimesh, some rights reserved (CC BY-NC)"
550920,Roscoea alpina,species,,Plantae,2,64,https://en.wikipedia.org/wiki/Roscoea_alpina,https://inaturalist-open-data.s3.amazonaws.com/photos/393917243/medium.jpeg,cc-by-nc,"(c) Asim Giri, some rights reserved (CC BY-NC), uploaded by Asim Giri"
348796,Schima wallichii,species,needlewood tree,Plantae,2,892,http://en.wikipedia.org/wiki/Schima_wallichii,https://inaturalist-open-data.s3.amazonaws.com/photos/49680923/medium.jpeg,cc-by,"(c) Franz Anthony, some rights reserved (CC BY), uploaded by Franz Anthony"
513971,Stenocatantops splendens,species,,Insecta,2,1295,https://en.wikipedia.org/wiki/Stenocatantops_splendens,https://inaturalist-open-data.s3.amazonaws.com/photos/256756936/medium.jpg,cc-by-nc,"(c) Natural DudeGuy, some rights reserved (CC BY-NC), uploaded by Natural DudeGuy"
169518,Syzygium cumini,species,Java plum,Plantae,2,7764,http://en.wikipedia.org/wiki/Syzygium_cumini,https://inaturalist-open-data.s3.amazonaws.com/photos/4801317/medium.jpeg,cc-by-nc-nd,"(c) sea-kangaroo, some rights reserved (CC BY-NC-ND), uploaded by sea-kangaroo"
170044,Triumfetta rhomboidea,species,Chinese Bur,Plantae,2,2411,http://en.wikipedia.org/wiki/Triumfetta_rhomboidea,https://inaturalist-open-data.s3.amazonaws.com/photos/28457384/medium.jpeg,cc0,"no rights reserved, uploaded by 葉子"
127638,Urena lobata,species,Caesar weed,Plantae,2,20077,http://en.wikipedia.org/wiki/Urena_lobata,https://inaturalist-open-data.s3.amazonaws.com/photos/116895996/medium.jpeg,cc-by-sa,"(c) Ong Jyh Seng, some rights reserved (CC BY-SA), uploaded by Ong Jyh Seng"
602038,Vaccinium nummularia,species,,Plantae,2,20,,https://inaturalist-open-data.s3.amazonaws.com/photos/61306458/medium.jpg,cc-by,"(c) Siddarth Machado, some rights reserved (CC BY), uploaded by Siddarth Machado"
93195,Acisoma panorpoides,species,Grizzled Pintail,Insecta,1,6450,http://en.wikipedia.org/wiki/Acisoma_panorpoides,https://inaturalist-open-data.s3.amazonaws.com/photos/203126113/medium.jpg,cc-by-nc,"(c) Kavee Sirichantakul, some rights reserved (CC BY-NC), uploaded by Kavee Sirichantakul"
64103,Agave americana,species,American century plant,Plantae,1,40195,http://en.wikipedia.org/wiki/Agave_americana,https://static.inaturalist.org/photos/333174371/medium.jpg,,"(c) Angela Jocabed Guzman Cantu, all rights reserved, uploaded by Angela Jocabed Guzman Cantu"
120944,Ageratum houstonianum,species,bluemink,Plantae,1,20072,http://en.wikipedia.org/wiki/Ageratum_houstonianum,https://inaturalist-open-data.s3.amazonaws.com/photos/1583451/medium.JPG,cc-by-nc,"(c) Phil Bendle, some rights reserved (CC BY-NC), uploaded by Phil Bendle"
47443,Albizia julibrissin,species,Persian silk tree,Plantae,1,44167,http://en.wikipedia.org/wiki/Albizia_julibrissin,https://inaturalist-open-data.s3.amazonaws.com/photos/146757188/medium.jpg,cc-by-sa,"(c) Andrew Butko, some rights reserved (CC BY-SA)"
158201,Alnus nepalensis,species,Nepal Alder,Plantae,1,453,http://en.wikipedia.org/wiki/Alnus_nepalensis,https://static.inaturalist.org/photos/11613618/medium.jpeg,,"(c) James Ojascastro, all rights reserved, uploaded by James Ojascastro"
29832,Amphiesma stolatum,species,Buff Striped Keelback,Reptilia,1,2208,http://en.wikipedia.org/wiki/Buff_striped_keelback,https://static.inaturalist.org/photos/317939930/medium.jpg,,"(c) Zeev NG, all rights reserved, uploaded by Zeev NG"
626362,Anadenus nepalensis,species,,Mollusca,1,86,,https://inaturalist-open-data.s3.amazonaws.com/photos/311339652/medium.jpeg,cc-by-nc,"(c) aNat, some rights reserved (CC BY-NC), uploaded by aNat"
551873,Aporia agathon,species,Great Blackvein,Insecta,1,473,https://en.wikipedia.org/wiki/Aporia_agathon,https://inaturalist-open-data.s3.amazonaws.com/photos/68142412/medium.jpg,cc-by-nc,"(c) Frank Model, some rights reserved (CC BY-NC), uploaded by Frank Model"
324529,Argiope pulchella,species,Garden cross spider,Arachnida,1,1938,http://en.wikipedia.org/wiki/Argiope_pulchella,https://static.inaturalist.org/photos/347251662/medium.jpeg,,"(c) abhilash srinivas, all rights reserved, uploaded by abhilash srinivas"
323769,Argynnis hyperbius,species,Tropical Fritillary,Insecta,1,10763,https://en.wikipedia.org/wiki/Argynnis_hyperbius,https://inaturalist-open-data.s3.amazonaws.com/photos/591194300/medium.jpg,cc-by-nc,"(c) gg_copen, some rights reserved (CC BY-NC)"
971562,Argyreia hookeri,species,,Plantae,1,3,,https://inaturalist-open-data.s3.amazonaws.com/photos/57220317/medium.jpg,cc0,"no rights reserved, uploaded by S.MORE"
556029,Arisaema erubescens,species,,Plantae,1,36,https://en.wikipedia.org/wiki/Arisaema_erubescens,https://inaturalist-open-data.s3.amazonaws.com/photos/65832478/medium.jpg,cc-by,"(c) desertnaturalist, some rights reserved (CC BY), uploaded by desertnaturalist"
462026,Arisaema nepenthoides,species,,Plantae,1,188,,https://static.inaturalist.org/photos/1806089/medium.jpg,cc-by-nc-sa,"(c) Tamsin Carlisle, some rights reserved (CC BY-NC-SA)"
135188,Artemisia indica,species,Indian wormwood,Plantae,1,4242,https://en.wikipedia.org/wiki/Artemisia_indica,https://inaturalist-open-data.s3.amazonaws.com/photos/56329489/medium.jpeg,cc0,"no rights reserved, uploaded by 葉子"
358871,Athyma selenophora,species,Staff Sergeant,Insecta,1,6447,http://en.wikipedia.org/wiki/Athyma_selenophora,https://inaturalist-open-data.s3.amazonaws.com/photos/3994937/medium.jpg,cc-by,"(c) Julien Renoult, some rights reserved (CC BY), uploaded by Julien Renoult"
429571,Balanophora polyandra,species,,Plantae,1,15,,https://inaturalist-open-data.s3.amazonaws.com/photos/170749771/medium.jpeg,cc-by-nc,"(c) Gyeltshen, some rights reserved (CC BY-NC), uploaded by Gyeltshen"
68225,Bauhinia variegata,species,Orchid tree,Plantae,1,16648,http://en.wikipedia.org/wiki/Bauhinia_variegata,https://static.inaturalist.org/photos/117411756/medium.jpeg,,"(c) K W Liu, all rights reserved, uploaded by K W Liu"
772159,Bergenia pacumbis,species,Chinese Bergenia,Plantae,1,70,,https://inaturalist-open-data.s3.amazonaws.com/photos/20773824/medium.jpg,cc-by-nc,"(c) Yaling Lin, some rights reserved (CC BY-NC), uploaded by Yaling Lin"
156333,Bischofia javanica,species,Bishop wood,Plantae,1,13619,http://en.wikipedia.org/wiki/Bischofia_javanica,https://inaturalist-open-data.s3.amazonaws.com/photos/499869913/medium.jpeg,cc0,"no rights reserved, uploaded by 葉子"
68313,Bombax ceiba,species,Red Silk Cotton Tree,Plantae,1,7387,https://en.wikipedia.org/wiki/Bombax_ceiba,https://inaturalist-open-data.s3.amazonaws.com/photos/258660286/medium.jpg,cc-by-nc,"(c) Raymond Khoo, some rights reserved (CC BY-NC), uploaded by Raymond Khoo"
184507,Brucea javanica,species,Java brucea,Plantae,1,702,http://en.wikipedia.org/wiki/Brucea_javanica,https://inaturalist-open-data.s3.amazonaws.com/photos/63428418/medium.jpg,cc-by-nc,"(c) Ajahn, some rights reserved (CC BY-NC), uploaded by Ajahn"
487659,Camellia kissi,species,,Plantae,1,45,,https://inaturalist-open-data.s3.amazonaws.com/photos/56266725/medium.jpeg,cc-by-nc,"(c) T. Abe Lloyd, some rights reserved (CC BY-NC), uploaded by T. Abe Lloyd"
48514,Capsicum annuum,species,chili pepper,Plantae,1,26480,http://en.wikipedia.org/wiki/Capsicum_annuum,https://inaturalist-open-data.s3.amazonaws.com/photos/81790849/medium.jpeg,cc-by-nc,"(c) bigdannyb, some rights reserved (CC BY-NC), uploaded by bigdannyb"
515416,Cardamine macrophylla,species,Large-leaved Bittercress,Plantae,1,888,,https://inaturalist-open-data.s3.amazonaws.com/photos/98860658/medium.jpeg,cc-by-nc,"(c) V.S. Volkotrub, some rights reserved (CC BY-NC), uploaded by V.S. Volkotrub"
1478503,Cardamine violacea,species,,Plantae,1,9,,https://inaturalist-open-data.s3.amazonaws.com/photos/401541004/medium.jpeg,cc-by-nc,"(c) T. Abe Lloyd, some rights reserved (CC BY-NC), uploaded by T. Abe Lloyd"
400397,Cardiocrinum giganteum,species,Giant Himalayan Lily,Plantae,1,482,http://en.wikipedia.org/wiki/Cardiocrinum_giganteum,https://inaturalist-open-data.s3.amazonaws.com/photos/1491582/medium.jpg,cc-by-nc-sa,"(c) Kew on Flickr, some rights reserved (CC BY-NC-SA)"
62924,Catharanthus roseus,species,Madagascar Periwinkle,Plantae,1,70340,http://en.wikipedia.org/wiki/Catharanthus_roseus,https://inaturalist-open-data.s3.amazonaws.com/photos/54935295/medium.jpeg,cc-by-nc,"(c) Desita Dyah D A Kusumaningrum, some rights reserved (CC BY-NC), uploaded by Desita Dyah D A Kusumaningrum"
125121,Clanidopsis exusta,species,,Insecta,1,45,http://en.wikipedia.org/wiki/Clanidopsis,https://inaturalist-open-data.s3.amazonaws.com/photos/86296/medium.jpg,cc-by,"(c) 112602805110920073392, some rights reserved (CC BY), uploaded by 112602805110920073392"
68171,Clintonia udensis,species,Bead Lily,Plantae,1,420,http://en.wikipedia.org/wiki/Clintonia_udensis,https://inaturalist-open-data.s3.amazonaws.com/photos/5965113/medium.jpg,cc-by-nc-sa,"(c) ashitaka, some rights reserved (CC BY-NC-SA)"
538866,Coelogyne flaccida,species,,Plantae,1,68,https://en.wikipedia.org/wiki/Coelogyne_flaccida,https://inaturalist-open-data.s3.amazonaws.com/photos/323879780/medium.jpg,cc-by-nc,"(c) ppbarbalho, some rights reserved (CC BY-NC)"
976185,Coelogyne stricta,species,,Plantae,1,28,,https://inaturalist-open-data.s3.amazonaws.com/photos/597095275/medium.jpg,cc-by-nc,"(c) Gary Yong Gee, some rights reserved (CC BY-NC), uploaded by Gary Yong Gee"
125602,Colias fieldii,species,Dark Clouded Yellow,Insecta,1,1006,http://en.wikipedia.org/wiki/Colias_fieldii,https://inaturalist-open-data.s3.amazonaws.com/photos/98065568/medium.jpg,cc-by-nc,"(c) Shriram Bhakare, some rights reserved (CC BY-NC), uploaded by Shriram Bhakare"
204491,Copsychus saularis,species,Oriental Magpie-Robin,Aves,1,40221,http://en.wikipedia.org/wiki/Oriental_magpie-robin,https://static.inaturalist.org/photos/62295683/medium.jpg,,"(c) Перевозов Александр, all rights reserved, uploaded by Перевозов Александр"
58749,Cornus amomum,species,silky dogwood,Plantae,1,18400,http://en.wikipedia.org/wiki/Cornus_amomum,https://inaturalist-open-data.s3.amazonaws.com/photos/15046/medium.jpg,cc-by-nc,"(c) Anita, some rights reserved (CC BY-NC)"
950690,Corydalis juncea,species,,Plantae,1,18,,https://inaturalist-open-data.s3.amazonaws.com/photos/107308891/medium.jpg,cc-by-nc,"(c) Elizabeth Byers, some rights reserved (CC BY-NC), uploaded by Elizabeth Byers"
963490,Cupido argiades,species,Short-tailed Blue,Insecta,1,14161,https://en.wikipedia.org/wiki/Short-tailed_blue,https://inaturalist-open-data.s3.amazonaws.com/photos/2214979/medium.jpg,cc-by-nc-sa,"(c) Marcello Consolo, some rights reserved (CC BY-NC-SA)"
347672,Curcuma aromatica,species,wild turmeric,Plantae,1,374,https://en.wikipedia.org/wiki/Curcuma_aromatica,https://inaturalist-open-data.s3.amazonaws.com/photos/67421137/medium.jpg,cc-by-nc,"(c) obijin, some rights reserved (CC BY-NC)"
119386,Curcuma longa,species,Turmeric,Plantae,1,3551,https://en.wikipedia.org/wiki/Turmeric,https://static.inaturalist.org/photos/428017250/medium.jpeg,,"(c) LM Wang-茶米, all rights reserved, uploaded by LM Wang-茶米"
538873,Cymbidium erythraeum,species,,Plantae,1,28,https://en.wikipedia.org/wiki/Cymbidium_erythraeum,https://inaturalist-open-data.s3.amazonaws.com/photos/157871387/medium.jpeg,cc-by-nc,"(c) Phuentsho, some rights reserved (CC BY-NC), uploaded by Phuentsho"
161418,Cynoglossum zeylanicum,species,Ceylon Forget Me Not,Plantae,1,1255,https://en.wikipedia.org/wiki/Cynoglossum_zeylanicum,https://inaturalist-open-data.s3.amazonaws.com/photos/48162332/medium.jpeg,cc0,"no rights reserved, uploaded by 葉子"
125555,Cyrestis thyodamas,species,Common Mapwing,Insecta,1,9066,http://en.wikipedia.org/wiki/Cyrestis_thyodamas,https://inaturalist-open-data.s3.amazonaws.com/photos/33129403/medium.jpg,cc-by-nc,"(c) Alan Kwok (King Lun), Ada Tai (Ah Heung) / 阿達蘭 AdAlan, some rights reserved (CC BY-NC), uploaded by Alan Kwok (King Lun), Ada Tai (Ah Heung) / 阿達蘭 AdAlan"
411078,Daphne bholua,species,Lokta,Plantae,1,450,http://en.wikipedia.org/wiki/Daphne_bholua,https://static.inaturalist.org/photos/261313954/medium.jpg,,"(c) Eric Heisey, all rights reserved, uploaded by Eric Heisey"
602924,Delphinium denudatum,species,,Plantae,1,22,https://en.wikipedia.org/wiki/Delphinium_denudatum,https://static.inaturalist.org/photos/12104930/medium.jpg,,"(c) R. Scheib, all rights reserved, uploaded by R. Scheib"
361871,Dendrobium moniliforme,species,Japanese Stone Orchid,Plantae,1,542,http://en.wikipedia.org/wiki/Dendrobium_moniliforme,https://inaturalist-open-data.s3.amazonaws.com/photos/13559302/medium.jpeg,cc-by-nc,"(c) david e leo berton, some rights reserved (CC BY-NC), uploaded by david e leo berton"
976654,Dicliptera bupleuroides,species,Thorowax Foldwing,Plantae,1,51,,https://inaturalist-open-data.s3.amazonaws.com/photos/82487094/medium.jpeg,cc-by-nc,"(c) Aniruddha Singhamahapatra, some rights reserved (CC BY-NC), uploaded by Aniruddha Singhamahapatra"
8286,Dicrurus remifer,species,Lesser Racket-tailed Drongo,Aves,1,706,http://en.wikipedia.org/wiki/Lesser_racket-tailed_drongo,https://static.inaturalist.org/photos/176005822/medium.jpg,,"(c) Chan Chee Keong, all rights reserved, uploaded by Chan Chee Keong"
84537,Dioscorea bulbifera,species,air potato,Plantae,1,11132,http://en.wikipedia.org/wiki/Dioscorea_bulbifera,https://inaturalist-open-data.s3.amazonaws.com/photos/569462991/medium.jpg,cc-by-nc,"(c) Oliver g jones, some rights reserved (CC BY-NC), uploaded by Oliver g jones"
738572,Diploknema butyracea,species,Indian butter tree,Plantae,1,16,https://en.wikipedia.org/wiki/Diploknema_butyracea,https://inaturalist-open-data.s3.amazonaws.com/photos/65076973/medium.jpg,cc-by-sa,"(c) Krish Dulal, some rights reserved (CC BY-SA)"
1151113,Dobinea vulgaris,species,,Plantae,1,35,,https://inaturalist-open-data.s3.amazonaws.com/photos/203254962/medium.jpeg,cc-by-nc,"(c) Basu Dev Neupane, some rights reserved (CC BY-NC), uploaded by Basu Dev Neupane"
162153,Duranta erecta,species,Skyflower,Plantae,1,39618,http://en.wikipedia.org/wiki/Duranta_erecta,https://inaturalist-open-data.s3.amazonaws.com/photos/16323821/medium.jpeg,cc-by-nc,"(c) M, some rights reserved (CC BY-NC), uploaded by M"
62342,Duttaphrynus himalayanus,species,Himalayan Toad,Amphibia,1,323,http://en.wikipedia.org/wiki/Duttaphrynus_himalayanus,https://inaturalist-open-data.s3.amazonaws.com/photos/303570633/medium.jpg,cc-by,"(c) Ramnarayan K, some rights reserved (CC BY), uploaded by Ramnarayan K"
162418,Eranthemum pulchellum,species,Blue Eranthemum,Plantae,1,2114,http://en.wikipedia.org/wiki/Eranthemum,https://inaturalist-open-data.s3.amazonaws.com/photos/27926840/medium.jpeg,cc-by-nc,"(c) swanand kesari, some rights reserved (CC BY-NC), uploaded by swanand kesari"
700939,Eria clausa,species,,Plantae,1,9,,https://inaturalist-open-data.s3.amazonaws.com/photos/65076797/medium.jpg,cc-by,"(c) sunoochi, some rights reserved (CC BY)"
883675,Eriocapitella vitifolia,species,grape-leaved windflower,Plantae,1,1733,https://en.wikipedia.org/wiki/Eriocapitella_vitifolia,https://inaturalist-open-data.s3.amazonaws.com/photos/47805003/medium.jpeg,cc0,"no rights reserved, uploaded by 葉子"
139168,Erythrina variegata,species,Indian coral tree,Plantae,1,3075,http://en.wikipedia.org/wiki/Erythrina_variegata,https://inaturalist-open-data.s3.amazonaws.com/photos/285528539/medium.jpeg,cc-by-nc,"(c) chouenyu, some rights reserved (CC BY-NC)"
559142,Eucorysses grandis,species,Death Head Bug,Insecta,1,1426,https://en.wikipedia.org/wiki/Eucorysses_grandis,https://inaturalist-open-data.s3.amazonaws.com/photos/322417798/medium.jpeg,cc-by-nc,"(c) yah_japan, some rights reserved (CC BY-NC), uploaded by yah_japan"
131560,Euphorbia hirta,species,Asthma Plant,Plantae,1,27202,http://en.wikipedia.org/wiki/Euphorbia_hirta,https://static.inaturalist.org/photos/101197080/medium.jpg,,"(c) alclam2006, all rights reserved, uploaded by alclam2006"
162845,Euphorbia pulcherrima,species,Poinsettia,Plantae,1,20870,http://en.wikipedia.org/wiki/Poinsettia,https://inaturalist-open-data.s3.amazonaws.com/photos/467993798/medium.jpeg,cc-by,"(c) nmoorhatch, some rights reserved (CC BY), uploaded by nmoorhatch"
418605,Euphorbia royleana,species,Sullu Spurge,Plantae,1,155,https://en.wikipedia.org/wiki/Euphorbia_royleana,https://inaturalist-open-data.s3.amazonaws.com/photos/57753944/medium.jpeg,cc-by-nc,"(c) Yaling Lin, some rights reserved (CC BY-NC), uploaded by Yaling Lin"
801224,Exacum teres,species,,Plantae,1,11,,https://inaturalist-open-data.s3.amazonaws.com/photos/103239620/medium.jpeg,cc-by-nc,"(c) Basu Dev Neupane, some rights reserved (CC BY-NC), uploaded by Basu Dev Neupane"
914993,Fagopyrum cymosum,species,Tall Buckwheat,Plantae,1,664,https://en.wikipedia.org/wiki/Fagopyrum_cymosum,https://inaturalist-open-data.s3.amazonaws.com/photos/27595556/medium.jpeg,cc0,"no rights reserved, uploaded by Takashi KOIKE"
472766,Falco tinnunculus,species,Eurasian Kestrel,Aves,1,134288,http://en.wikipedia.org/wiki/Common_kestrel,https://inaturalist-open-data.s3.amazonaws.com/photos/598044895/medium.jpg,cc-by-nc,"(c) Manuel Raab, some rights reserved (CC BY-NC), uploaded by Manuel Raab"
427633,Falconeria insignis,species,,Plantae,1,144,http://en.wikipedia.org/wiki/Falconeria,https://inaturalist-open-data.s3.amazonaws.com/photos/14721500/medium.jpeg,cc-by-nc,"(c) SHYAM PHARTYAL, some rights reserved (CC BY-NC), uploaded by SHYAM PHARTYAL"
127514,Ficus religiosa,species,Sacred fig,Plantae,1,13822,http://en.wikipedia.org/wiki/Ficus_religiosa,https://inaturalist-open-data.s3.amazonaws.com/photos/119134047/medium.jpeg,cc-by-nc,"(c) Hua Wan, some rights reserved (CC BY-NC), uploaded by Hua Wan"
710648,Fraxinus floribunda,species,,Plantae,1,14,https://en.wikipedia.org/wiki/Fraxinus_floribunda,https://static.inaturalist.org/photos/18002809/medium.jpeg,,"(c) mazus_jan, all rights reserved, uploaded by mazus_jan"
565475,Fritillaria cirrhosa,species,yellow Himalayan fritillary,Plantae,1,71,https://en.wikipedia.org/wiki/Fritillaria_cirrhosa,https://inaturalist-open-data.s3.amazonaws.com/photos/61307066/medium.jpeg,cc-by,"(c) Siddarth Machado, some rights reserved (CC BY), uploaded by Siddarth Machado"
56170,Galinsoga quadriradiata,species,shaggy soldier,Plantae,1,32914,http://en.wikipedia.org/wiki/Galinsoga_quadriradiata,https://inaturalist-open-data.s3.amazonaws.com/photos/254366860/medium.jpg,cc-by,"(c) Mario Bassini, some rights reserved (CC BY), uploaded by Mario Bassini"
882,Gallus gallus,species,Red Junglefowl,Aves,1,74834,http://en.wikipedia.org/wiki/Red_junglefowl,https://inaturalist-open-data.s3.amazonaws.com/photos/3784873/medium.jpg,cc-by,"(c) Julien Renoult, some rights reserved (CC BY), uploaded by Julien Renoult"
602697,Gentiana depressa,species,,Plantae,1,257,,https://inaturalist-open-data.s3.amazonaws.com/photos/12088871/medium.jpeg,cc-by-nc,"(c) rawdenh, some rights reserved (CC BY-NC), uploaded by rawdenh"
556640,Goodyera procera,species,Bottlebrush Orchid,Plantae,1,556,https://en.wikipedia.org/wiki/Goodyera_procera,https://inaturalist-open-data.s3.amazonaws.com/photos/28226246/medium.jpeg,cc0,"no rights reserved, uploaded by 葉子"
890881,Graphium garhwalica,species,Garhwal Swordtail,Insecta,1,6,,https://inaturalist-open-data.s3.amazonaws.com/photos/17691471/medium.jpg,cc-by-nc-nd,"(c) Mohit Patel, some rights reserved (CC BY-NC-ND), uploaded by Mohit Patel"
1594081,Haemadipsa montana,species,,Animalia,1,25,,https://inaturalist-open-data.s3.amazonaws.com/photos/108631852/medium.jpg,cc-by-nc,"(c) Petr Kosachev, some rights reserved (CC BY-NC), uploaded by Petr Kosachev"
333281,Haemadipsa zeylanica,species,brown leech,Animalia,1,961,,https://inaturalist-open-data.s3.amazonaws.com/photos/58096235/medium.jpg,cc-by-nc,"(c) Anubhav Agarwal, some rights reserved (CC BY-NC), uploaded by Anubhav Agarwal"
204519,Halcyon smyrnensis,species,White-throated Kingfisher,Aves,1,25218,https://en.wikipedia.org/wiki/White-throated_kingfisher,https://static.inaturalist.org/photos/294107276/medium.jpeg,,"(c) Mohammad Tarik Hasan, all rights reserved, uploaded by Mohammad Tarik Hasan"
602628,Hedychium spicatum,species,Spiked Ginger Lily,Plantae,1,128,https://en.wikipedia.org/wiki/Hedychium_spicatum,https://inaturalist-open-data.s3.amazonaws.com/photos/51415522/medium.jpeg,cc-by,"(c) Siddarth Machado, some rights reserved (CC BY), uploaded by Siddarth Machado"
243592,Herminium monorchis,species,Musk Orchid,Plantae,1,1166,https://en.wikipedia.org/wiki/Herminium_monorchis,https://inaturalist-open-data.s3.amazonaws.com/photos/28809961/medium.jpeg,cc-by-nc,"(c) Pascal Dubois, some rights reserved (CC BY-NC), uploaded by Pascal Dubois"
186561,Holarrhena pubescens,species,indrajao,Plantae,1,1194,http://en.wikipedia.org/wiki/Holarrhena_pubescens,https://inaturalist-open-data.s3.amazonaws.com/photos/639598/medium.jpg,cc-by-nc-sa,"(c) Dinesh Valke, some rights reserved (CC BY-NC-SA)"
838249,Hyllus qishuoi,species,,Arachnida,1,82,,https://inaturalist-open-data.s3.amazonaws.com/photos/29121626/medium.jpg,cc-by-nc,"(c) 蝇虎, some rights reserved (CC BY-NC), uploaded by 蝇虎"
70174,Hypolimnas bolina,species,Great Eggfly,Insecta,1,38015,http://en.wikipedia.org/wiki/Hypolimnas_bolina,https://inaturalist-open-data.s3.amazonaws.com/photos/25105330/medium.jpeg,cc-by-nc,"(c) wklegend, some rights reserved (CC BY-NC), uploaded by wklegend"
552959,Ilex dipyrena,species,,Plantae,1,33,,https://inaturalist-open-data.s3.amazonaws.com/photos/51899773/medium.jpg,cc-by-nc,"(c) Bird Explorers, some rights reserved (CC BY-NC), uploaded by Bird Explorers"
959058,Impatiens tricornis,species,,Plantae,1,431,,https://inaturalist-open-data.s3.amazonaws.com/photos/203331998/medium.jpg,cc-by-nc,"(c) ambernmullins, some rights reserved (CC BY-NC)"
1405314,Isopsera spinosa,species,,Insecta,1,44,,https://static.inaturalist.org/photos/219067977/medium.jpg,,"(c) 刑小天, all rights reserved, uploaded by 刑小天"
164233,Jasminum officinale,species,Common Jasmine,Plantae,1,2689,http://en.wikipedia.org/wiki/Jasminum_officinale,https://inaturalist-open-data.s3.amazonaws.com/photos/185690403/medium.jpg,cc-by-nc,"(c) trala, some rights reserved (CC BY-NC)"
63935,Juglans regia,species,Persian walnut,Plantae,1,34082,http://en.wikipedia.org/wiki/Juglans_regia,https://inaturalist-open-data.s3.amazonaws.com/photos/146867462/medium.jpg,cc-by,"(c) Ed Alverson, some rights reserved (CC BY), uploaded by Ed Alverson"
125570,Junonia iphita,species,Chocolate Pansy,Insecta,1,18543,http://en.wikipedia.org/wiki/Junonia_iphita,https://inaturalist-open-data.s3.amazonaws.com/photos/29140204/medium.jpeg,cc-by-nc,"(c) Cheongweei Gan, some rights reserved (CC BY-NC), uploaded by Cheongweei Gan"
516687,Kallitaxila granulata,species,Grainy Planthopper,Insecta,1,516,,https://inaturalist-open-data.s3.amazonaws.com/photos/13461045/medium.jpeg,cc-by,"(c) Jason Alexander, some rights reserved (CC BY), uploaded by Jason Alexander"
50333,Lantana camara,species,common lantana,Plantae,1,95493,http://en.wikipedia.org/wiki/Lantana_camara,https://static.inaturalist.org/photos/369564698/medium.jpeg,,"(c) Rudy, all rights reserved, uploaded by Rudy"
179383,Lethe confusa,species,Banded Treebrown,Insecta,1,3482,http://en.wikipedia.org/wiki/Lethe_confusa,https://inaturalist-open-data.s3.amazonaws.com/photos/8597967/medium.jpeg,cc-by,"(c) portioid, some rights reserved (CC BY), uploaded by portioid"
498527,Leucosceptrum canum,species,,Plantae,1,129,http://en.wikipedia.org/wiki/Leucosceptrum,https://static.inaturalist.org/photos/451673363/medium.jpeg,,"(c) Nora Gerstl, all rights reserved, uploaded by Nora Gerstl"
550914,Ligularia mortonii,species,,Plantae,1,14,,https://inaturalist-open-data.s3.amazonaws.com/photos/8626278/medium.jpeg,cc-by-nc-sa,"(c) Phuentsho, some rights reserved (CC BY-NC-SA), uploaded by Phuentsho"
854735,Lindenbergia grandiflora,species,,Plantae,1,99,,https://static.inaturalist.org/photos/29987371/medium.jpeg,,"(c) Alex Perry, all rights reserved, uploaded by Alex Perry"
773912,Liparis nakaharae,species,,Plantae,1,456,,https://inaturalist-open-data.s3.amazonaws.com/photos/453291740/medium.jpeg,cc-by-nc,"(c) Allen Chen, some rights reserved (CC BY-NC), uploaded by Allen Chen"
120008,Ludwigia decurrens,species,Wingleaf Primrose-Willow,Plantae,1,4270,http://en.wikipedia.org/wiki/Ludwigia_decurrens,https://inaturalist-open-data.s3.amazonaws.com/photos/354269133/medium.jpeg,cc-by,"(c) Michael J. Papay, some rights reserved (CC BY), uploaded by Michael J. Papay"
716737,Lycianthes laevis,species,,Plantae,1,5,,https://static.inaturalist.org/photos/379635744/medium.jpeg,,"(c) Samuel Driyanto, all rights reserved, uploaded by Samuel Driyanto"
428736,Lyonia ovalifolia,species,oval-leaf lyonia,Plantae,1,1273,http://en.wikipedia.org/wiki/Lyonia_ovalifolia,https://inaturalist-open-data.s3.amazonaws.com/photos/205728274/medium.jpeg,cc-by-nc,"(c) Rich_Yang, some rights reserved (CC BY-NC), uploaded by Rich_Yang"
544365,Maesa chisia,species,,Plantae,1,37,,https://inaturalist-open-data.s3.amazonaws.com/photos/7470564/medium.jpeg,cc-by-nc-sa,"(c) Phuentsho, some rights reserved (CC BY-NC-SA), uploaded by Phuentsho"
500459,Malaxis muscifera,species,,Plantae,1,11,http://en.wikipedia.org/wiki/Malaxis,https://inaturalist-open-data.s3.amazonaws.com/photos/35025400/medium.jpeg,cc-by,"(c) Siddarth Machado, some rights reserved (CC BY), uploaded by Siddarth Machado"
165118,Malvaviscus penduliflorus,species,Sleeping Hibiscus,Plantae,1,9356,https://en.wikipedia.org/wiki/Malvaviscus_penduliflorus,https://static.inaturalist.org/photos/29123144/medium.jpg,,"(c) Vinícius Rodrigues de Souza, all rights reserved, uploaded by Vinícius Rodrigues de Souza"
366231,Mecopoda elongata,species,Malaysian Bush-cricket,Insecta,1,752,http://en.wikipedia.org/wiki/Mecopoda_elongata,https://inaturalist-open-data.s3.amazonaws.com/photos/5997621/medium.jpeg,cc-by-nc-nd,"(c) Chief RedEarth, some rights reserved (CC BY-NC-ND), uploaded by Chief RedEarth"
165230,Melastoma malabathricum,species,Malabar Melastome,Plantae,1,8260,http://en.wikipedia.org/wiki/Melastoma_malabathricum,https://inaturalist-open-data.s3.amazonaws.com/photos/176452240/medium.jpg,cc-by-nc,"(c) papayapd, some rights reserved (CC BY-NC)"
53720,Melia azedarach,species,Chinaberry,Plantae,1,53569,http://en.wikipedia.org/wiki/Melia_azedarach,https://inaturalist-open-data.s3.amazonaws.com/photos/33351307/medium.jpeg,cc0,"no rights reserved, uploaded by 葉子"
5268,Milvus migrans,species,Black Kite,Aves,1,118843,http://en.wikipedia.org/wiki/Black_kite,https://inaturalist-open-data.s3.amazonaws.com/photos/158802479/medium.jpg,cc0,"no rights reserved, uploaded by Joshua S. Martin"
68507,Myophonus caeruleus,species,Blue Whistling-Thrush,Aves,1,6066,http://en.wikipedia.org/wiki/Blue_whistling_thrush,https://static.inaturalist.org/photos/62107533/medium.jpg,,"(c) HUANG QIN, all rights reserved, uploaded by HUANG QIN"
53492,Naja naja,species,Indian Cobra,Reptilia,1,2357,http://en.wikipedia.org/wiki/Indian_cobra,https://inaturalist-open-data.s3.amazonaws.com/photos/97106278/medium.jpg,cc-by-nc,"(c) Daniel V Raju, some rights reserved (CC BY-NC), uploaded by Daniel V Raju"
371953,Neolucanus baladeva,species,,Insecta,1,62,,https://inaturalist-open-data.s3.amazonaws.com/photos/51194785/medium.jpg,cc-by-nc,"(c) connk, alcuni diritti riservati (CC BY-NC), caricata da connk"
737597,Neope pulaha,species,Veined Labyrinth,Insecta,1,247,http://en.wikipedia.org/wiki/Neope_pulaha,https://inaturalist-open-data.s3.amazonaws.com/photos/35521878/medium.jpg,cc-by-nc,"(c) Les Day, some rights reserved (CC BY-NC), uploaded by Les Day"
1257611,Nephila kuhli,species,Black Golden Orbweaver,Arachnida,1,944,,https://inaturalist-open-data.s3.amazonaws.com/photos/5979879/medium.jpeg,cc-by-nc,"(c) Soh Kam Yung, some rights reserved (CC BY-NC), uploaded by Soh Kam Yung"
68390,Nephila pilipes,species,Giant Golden Orbweaver,Arachnida,1,40855,http://en.wikipedia.org/wiki/Nephila_pilipes,https://inaturalist-open-data.s3.amazonaws.com/photos/4743402/medium.jpg,cc-by-nc,"(c) budak, some rights reserved (CC BY-NC), uploaded by budak"
470667,Neptis soma,species,Cream-spotted Sailor,Insecta,1,620,http://en.wikipedia.org/wiki/Neptis_soma,https://inaturalist-open-data.s3.amazonaws.com/photos/683250504/medium.jpg,cc-by-nc-nd,"(c) Chi-Hsuan Shao, some rights reserved (CC BY-NC-ND), uploaded by Chi-Hsuan Shao"
30472,Ophiophagus hannah,species,Northern King Cobra,Reptilia,1,584,https://en.wikipedia.org/wiki/King_cobra,https://inaturalist-open-data.s3.amazonaws.com/photos/307874083/medium.jpeg,cc-by-nc,"(c) Daniel Liepack, some rights reserved (CC BY-NC), uploaded by Daniel Liepack"
347930,Oroxylum indicum,species,Indian trumpet tree,Plantae,1,944,http://en.wikipedia.org/wiki/Oroxylum_indicum,https://inaturalist-open-data.s3.amazonaws.com/photos/28953974/medium.jpg,cc-by-nc,"(c) Cheongweei Gan, some rights reserved (CC BY-NC), uploaded by Cheongweei Gan"
53168,Oxalis corniculata,species,Creeping Woodsorrel,Plantae,1,74063,http://en.wikipedia.org/wiki/Oxalis_corniculata,https://inaturalist-open-data.s3.amazonaws.com/photos/279196/medium.jpg,cc-by-sa,"(c) jacinta lluch valero, some rights reserved (CC BY-SA)"
13858,Passer domesticus,species,House Sparrow,Aves,1,541535,http://en.wikipedia.org/wiki/House_sparrow,https://inaturalist-open-data.s3.amazonaws.com/photos/4608133/medium.jpg,cc-by-nc-sa,"(c) Ximo Galarza, some rights reserved (CC BY-NC-SA)"
1155237,Phanera vahlii,species,,Plantae,1,207,https://en.wikipedia.org/wiki/Phanera_vahlii,https://inaturalist-open-data.s3.amazonaws.com/photos/4017321/medium.JPG,cc-by-nc,"(c) antaryami, some rights reserved (CC BY-NC)"
59040,Phyla nodiflora,species,turkey tangle frogfruit,Plantae,1,45546,http://en.wikipedia.org/wiki/Phyla_nodiflora,https://static.inaturalist.org/photos/260096290/medium.jpeg,,"(c) 陳志豪, all rights reserved, uploaded by 陳志豪"
68666,Phyllanthus emblica,species,Myrobalan,Plantae,1,3108,http://en.wikipedia.org/wiki/Phyllanthus_emblica,https://static.inaturalist.org/photos/38653854/medium.jpg,,"(c) Jeff Stauffer, all rights reserved, uploaded by Jeff Stauffer"
61374,Physalis angulata,species,cutleaf groundcherry,Plantae,1,11959,http://en.wikipedia.org/wiki/Physalis_angulata,https://inaturalist-open-data.s3.amazonaws.com/photos/132127478/medium.jpeg,cc0,"no rights reserved, uploaded by 葉子"
273784,Pinus patula,species,Jelecote pine,Plantae,1,4007,http://en.wikipedia.org/wiki/Pinus_patula,https://inaturalist-open-data.s3.amazonaws.com/photos/25156771/medium.jpeg,cc-by-nc,"(c) Hermann Jesús Cortés Blobaum, some rights reserved (CC BY-NC), uploaded by Hermann Jesús Cortés Blobaum"
522680,Piper kadsura,species,Japanese pepper,Plantae,1,7692,http://en.wikipedia.org/wiki/Piper_kadsura,https://inaturalist-open-data.s3.amazonaws.com/photos/5979569/medium.jpeg,cc-by-sa,"(c) Alpsdake, some rights reserved (CC BY-SA)"
404898,Piptanthus nepalensis,species,Nepal laburnum,Plantae,1,292,https://en.wikipedia.org/wiki/Piptanthus_nepalensis,https://static.inaturalist.org/photos/32627380/medium.jpeg,,"(c) boneu, all rights reserved, uploaded by boneu"
123438,Plumeria rubra,species,Mexican Plumeria,Plantae,1,29509,http://en.wikipedia.org/wiki/Plumeria_rubra,https://static.inaturalist.org/photos/70240531/medium.jpg,,"(c) Fabi Diaz, all rights reserved, uploaded by Fabi Diaz"
124120,Plutodes costatus,species,,Insecta,1,963,http://en.wikipedia.org/wiki/Plutodes_costatus,https://inaturalist-open-data.s3.amazonaws.com/photos/315881725/medium.jpg,cc-by,"(c) dhfischer, some rights reserved (CC BY), uploaded by dhfischer"
125646,Polyura athamas,species,Common Nawab,Insecta,1,2400,http://en.wikipedia.org/wiki/Polyura_athamas,https://inaturalist-open-data.s3.amazonaws.com/photos/1873721/medium.jpg,cc-by-nc-sa,"(c) Green Baron, some rights reserved (CC BY-NC-SA)"
336153,Potanthus trachala,species,Lesser Band Dart,Insecta,1,628,,https://inaturalist-open-data.s3.amazonaws.com/photos/570647/medium.JPG,cc-by-nc-nd,"(c) Sunnetchan, some rights reserved (CC BY-NC-ND), uploaded by Sunnetchan"
1132101,Pouzolzia rugulosa,species,,Plantae,1,7,,https://inaturalist-open-data.s3.amazonaws.com/photos/96579730/medium.jpg,cc-by-nc,"(c) Shanta Budha-Magar, some rights reserved (CC BY-NC), uploaded by Shanta Budha-Magar"
447082,Primula denticulata,species,Drumstick Primrose,Plantae,1,1385,http://en.wikipedia.org/wiki/Primula_denticulata,https://inaturalist-open-data.s3.amazonaws.com/photos/47707001/medium.jpeg,cc-by-nc,"(c) Suresh Ghimire, some rights reserved (CC BY-NC), uploaded by Suresh Ghimire"
903249,Primula listeri,species,,Plantae,1,22,,https://inaturalist-open-data.s3.amazonaws.com/photos/37692919/medium.jpeg,cc-by-nc-sa,"(c) Phuentsho, some rights reserved (CC BY-NC-SA), uploaded by Phuentsho"
1044715,Primula nana,species,,Plantae,1,64,,https://inaturalist-open-data.s3.amazonaws.com/photos/15229725/medium.jpeg,cc-by-nc,"(c) SHYAM PHARTYAL, some rights reserved (CC BY-NC), uploaded by SHYAM PHARTYAL"
431494,Prunus cerasoides,species,Wild Himalayan Cherry,Plantae,1,447,http://en.wikipedia.org/wiki/Prunus_cerasoides,https://inaturalist-open-data.s3.amazonaws.com/photos/253584718/medium.jpg,cc-by-nc,"(c) ou.wildlife, some rights reserved (CC BY-NC), uploaded by ou.wildlife"
1081598,Prunus napaulensis,species,,Plantae,1,18,https://en.wikipedia.org/wiki/Prunus_napaulensis,https://inaturalist-open-data.s3.amazonaws.com/photos/95676927/medium.jpeg,cc-by-nc,"(c) Shanta Budha-Magar, some rights reserved (CC BY-NC), uploaded by Shanta Budha-Magar"
940399,Pseudocaryopteris bicolor,species,,Plantae,1,49,,https://inaturalist-open-data.s3.amazonaws.com/photos/111898065/medium.jpg,cc-by-nc,"(c) T. Abe Lloyd, some rights reserved (CC BY-NC), uploaded by T. Abe Lloyd"
62859,Psidium guajava,species,Common guava,Plantae,1,27222,http://en.wikipedia.org/wiki/Psidium_guajava,https://inaturalist-open-data.s3.amazonaws.com/photos/259834166/medium.jpeg,cc-by-sa,"(c) Daniel Dias, some rights reserved (CC BY-SA), uploaded by Daniel Dias"
1544690,Rhaphidophora glauca,species,,Plantae,1,44,,https://static.inaturalist.org/photos/365344520/medium.jpeg,,"(c) Ajay Neupane, all rights reserved, uploaded by Ajay Neupane"
56739,Ricinus communis,species,castor bean,Plantae,1,78565,http://en.wikipedia.org/wiki/Ricinus,https://static.inaturalist.org/photos/61079958/medium.jpeg,,"(c) Ruth Ripley, all rights reserved, uploaded by Ruth Ripley"
168047,Rubus ellipticus,species,Yellow Himalayan Raspberry,Plantae,1,1829,https://en.wikipedia.org/wiki/Rubus_ellipticus,https://inaturalist-open-data.s3.amazonaws.com/photos/109209586/medium.jpeg,cc-by-nc,"(c) David Espinel, some rights reserved (CC BY-NC), uploaded by David Espinel"
542547,Schisandra grandiflora,species,,Plantae,1,20,https://en.wikipedia.org/wiki/Schisandra_grandiflora,https://inaturalist-open-data.s3.amazonaws.com/photos/61309415/medium.jpeg,cc-by,"(c) Siddarth Machado, some rights reserved (CC BY), uploaded by Siddarth Machado"
474165,Smilax bracteata,species,Bearded Smilax,Plantae,1,4852,,https://inaturalist-open-data.s3.amazonaws.com/photos/30260759/medium.jpeg,cc-by-nc,"(c) 羅忠良, some rights reserved (CC BY-NC), uploaded by 羅忠良"
280909,Solanum betaceum,species,tamarillo,Plantae,1,4089,http://en.wikipedia.org/wiki/Tamarillo,https://inaturalist-open-data.s3.amazonaws.com/photos/108494260/medium.jpg,cc-by-nc,"(c) Juan Peña, some rights reserved (CC BY-NC), uploaded by Juan Peña"
133286,Solanum erianthum,species,potato tree,Plantae,1,4978,http://en.wikipedia.org/wiki/Solanum_erianthum,https://inaturalist-open-data.s3.amazonaws.com/photos/472246301/medium.jpeg,cc-by-nc,"(c) 嚴世芳, some rights reserved (CC BY-NC), uploaded by 嚴世芳"
335594,Spermacoce alata,species,,Plantae,1,119,http://en.wikipedia.org/wiki/Spermacoce_alata,https://inaturalist-open-data.s3.amazonaws.com/photos/237706434/medium.jpeg,cc-by-nc,"(c) Robin Heymans, some rights reserved (CC BY-NC), uploaded by Robin Heymans"
1632504,Spitosa fylla,species,Dark Judy,Insecta,1,820,https://en.wikipedia.org/wiki/Spitosa_fylla,https://inaturalist-open-data.s3.amazonaws.com/photos/2560302/medium.JPG,cc0,"no rights reserved, uploaded by Vijay Barve"
127011,Strobilomyces confusus,species,,Fungi,1,664,,https://static.inaturalist.org/photos/24056041/medium.jpeg,,"(c) Julien Chambert, all rights reserved, uploaded by Julien Chambert"
602692,Swertia chirayita,species,,Plantae,1,11,https://en.wikipedia.org/wiki/Swertia,https://inaturalist-open-data.s3.amazonaws.com/photos/196228889/medium.jpeg,cc-by-nc,"(c) Basu Dev Neupane, some rights reserved (CC BY-NC), uploaded by Basu Dev Neupane"
507598,Symbrenthia niphanda,species,bluetail jester,Insecta,1,202,http://en.wikipedia.org/wiki/Symbrenthia_niphanda,https://inaturalist-open-data.s3.amazonaws.com/photos/40332225/medium.jpg,cc-by-nc,"(c) Cheongweei Gan, some rights reserved (CC BY-NC), uploaded by Cheongweei Gan"
47553,Taxus baccata,species,common yew,Plantae,1,40669,https://en.wikipedia.org/wiki/Taxus_baccata,https://inaturalist-open-data.s3.amazonaws.com/photos/8502/medium.jpg,cc-by-nc-sa,"(c) Jonathan Tyler, some rights reserved (CC BY-NC-SA)"
904334,Trichonephila clavata,species,Joro Spider,Arachnida,1,25209,https://en.wikipedia.org/wiki/Trichonephila_clavata,https://inaturalist-open-data.s3.amazonaws.com/photos/240469491/medium.jpg,cc-by-nc,"(c) Trey Wardlaw, some rights reserved (CC BY-NC), uploaded by Trey Wardlaw"
346999,Trichosanthes tricuspidata,species,,Plantae,1,89,http://en.wikipedia.org/wiki/Trichosanthes_tricuspidata,https://inaturalist-open-data.s3.amazonaws.com/photos/1586883/medium.jpg,cc-by-nc-sa,"(c) Satish Nikam, some rights reserved (CC BY-NC-SA)"
556170,Uncaria scandens,species,,Plantae,1,6,,,,
781807,Vagrans sinha,species,Vagrant,Insecta,1,1019,,https://static.inaturalist.org/photos/48553097/medium.jpg,,"(c) Stijn De Win, all rights reserved, uploaded by Stijn De Win"
125573,Vanessa indica,species,Indian Red Admiral,Insecta,1,5469,http://en.wikipedia.org/wiki/Vanessa_indica,https://static.inaturalist.org/photos/429592185/medium.jpg,,"(c) hwattever, all rights reserved"
130720,Viola biflora,species,Twoflower Violet,Plantae,1,6085,https://en.wikipedia.org/wiki/Viola_biflora,https://inaturalist-open-data.s3.amazonaws.com/photos/74285832/medium.jpeg,cc0,"no rights reserved, uploaded by 葉子"
567716,Woodwardia unigemmata,species,jewelled chain fern,Plantae,1,1541,https://en.wikipedia.org/wiki/Woodwardia_unigemmata,https://inaturalist-open-data.s3.amazonaws.com/photos/9454061/medium.jpeg,cc-by,"(c) Rafael Medina, some rights reserved (CC BY), uploaded by Rafael Medina"
55267,Xylaria hypoxylon,species,Candlesnuff Fungus,Fungi,1,34061,http://en.wikipedia.org/wiki/Xylaria_hypoxylon,https://inaturalist-open-data.s3.amazonaws.com/photos/120304519/medium.jpg,cc-by-nc,"(c) Urszula Wojciechowska, some rights reserved (CC BY-NC), uploaded by Urszula Wojciechowska"
146908,Zemeros flegyas,species,Punchinello,Insecta,1,7694,http://en.wikipedia.org/wiki/Zemeros_flegyas,https://inaturalist-open-data.s3.amazonaws.com/photos/84147/medium.jpg,cc-by-nc-nd,"(c) hkmoths, some rights reserved (CC BY-NC-ND)"
